"Story","Title","Result","Date","Stability","Duration (s)"
"Hello world controller BDD test","Given direct call to hello(), then return 200 OK","SUCCESS","2026-01-30T16:37:35.211942-05:00[America/New_York]","0.0","0.03"
"Task service BDD test","When creating a task, saved task is returned","SUCCESS","2026-01-30T16:37:35.299955-05:00[America/New_York]","0.0","0.14"
"Task service BDD test","Assigning a task updates assignee","SUCCESS","2026-01-30T16:37:35.443536-05:00[America/New_York]","0.0","0.0"
"Task service BDD test","Deleting existing task returns true","SUCCESS","2026-01-30T16:37:35.450738-05:00[America/New_York]","0.0","0.0"
"Task service BDD test","Given no tasks, when getAllTasks is called, then return empty list","SUCCESS","2026-01-30T16:37:35.457038-05:00[America/New_York]","0.0","0.0"
"User service BDD test","Given no users, when getAllUsers is called, then return empty list","SUCCESS","2026-01-30T16:37:35.467205-05:00[America/New_York]","0.0","0.02"
"User service BDD test","When creating a user by name, saved user is returned","SUCCESS","2026-01-30T16:37:35.493676-05:00[America/New_York]","0.0","0.0"
"User service BDD test","Updating an existing user applies changes","SUCCESS","2026-01-30T16:37:35.497712-05:00[America/New_York]","0.0","0.0"
"User service BDD test","Deleting an existing user returns true","SUCCESS","2026-01-30T16:37:35.501581-05:00[America/New_York]","0.0","0.0"
